20200102,000488.SZ,造纸印刷,晨鸣纸业,5.36,5.3,442441376.0,,8878968656.08,15568699994.88,4.9,,93142,,1,0/0,,Z
20200102,000716.SZ,食品饮料,黑芝麻,4.58,10.1,370965920.0,,3045613699.06,3418493240.32,12.55,75656104000.0,101051,101051,0,4/4,4.0,U
20200102,000810.SZ,通讯行业,创维数字,13.19,10.01,692476384.0,,12950540100.55,13958696527.84,5.41,12098975960.0,95921,145339,15,1/1,1.0,U
20200102,000818.SZ,化工行业,航锦科技,21.98,10.01,1466103856.0,,14868864494.96,15163782200.0,10.42,39279227120.0,141521,141521,0,3/6,2.0,U
20200102,000955.SZ,化纤行业,欣龙控股,9.02,10.0,1870901952.0,,4849137117.0,4856322972.16,39.6,6735234000.0,94457,145648,10,8/8,8.0,U
20200102,000998.SZ,农牧饲渔,隆平高科,16.18,9.99,2529710992.0,,15617031284.02,21308579518.72,16.64,117408778520.0,131657,131657,0,2/2,2.0,U
20200102,002094.SZ,化工行业,青岛金王,5.05,5.21,187775447.0,,3288259353.3,3489032637.6,5.73,,130639,,1,0/0,,Z
20200102,002103.SZ,文教休闲,广博股份,5.19,5.92,558340864.0,,2002262177.13,2831785570.56,27.25,,94724,,9,0/0,,Z
20200102,002105.SZ,文教休闲,信隆健康,6.49,10.0,193155897.0,,2391565000.0,2391565000.0,8.4,11580768980.0,145603,145603,0,1/1,1.0,U
20200102,002127.SZ,综合行业,南极电商,12.0,9.99,589710976.0,,22754735124.0,29458444800.0,2.68,4006800000.0,130018,145000,12,1/1,1.0,U
20200102,002156.SZ,电子元件,通富微电,18.1,10.03,1237517312.0,,20878427956.7,20882052825.6,6.1,36308581900.0,105330,142624,2,1/1,1.0,U
20200102,002181.SZ,文化传媒,粤 传 媒,6.18,9.96,180217047.0,,7010793325.86,7175339527.68,2.64,44682636000.0,93942,93942,0,1/1,1.0,U
20200102,002236.SZ,安防设备,大华股份,21.38,7.55,2297667296.0,,38775634296.22,64310852540.16,5.95,,111924,,2,0/0,,Z
20200102,002261.SZ,软件服务,拓维信息,9.11,10.02,1589382272.0,,8009267633.36,10027986276.8,20.66,,142054,,11,0/0,,Z
20200102,002291.SZ,纺织服装,星期六,21.64,10.02,651717472.0,,8632669807.8,14256720764.16,7.73,82725024120.0,94421,94615,1,11/14,2.0,U
20200102,002315.SZ,电子信息,焦点科技,21.03,9.99,123451090.0,,2468718471.66,4942050000.0,5.11,43460598000.0,94033,94033,0,1/1,1.0,U
20200102,002351.SZ,电子信息,漫步者,24.75,10.0,1952807920.0,,7210694700.0,14670933948.0,28.09,62424450000.0,112539,135609,3,1/1,1.0,U
20200102,002384.SZ,金属制品,东山精密,25.47,10.02,1815604528.0,,31141319881.14,40919401065.6,5.99,8792244000.0,111118,135618,3,1/1,1.0,U
20200102,002385.SZ,农牧饲渔,大北农,5.48,10.04,310209168.0,,15242859481.48,22990405594.24,2.04,133365872240.0,92503,92503,0,3/3,3.0,U
20200102,002503.SZ,纺织服装,搜于特,2.63,10.04,788438240.0,,5582721821.71,8133289180.96,14.3,3856000800.0,102121,145636,29,1/1,1.0,U
20200102,002512.SZ,电子元件,达华智能,6.87,6.51,846220752.0,,5871786829.08,7525302699.36,14.39,,105918,,2,0/0,,Z
20200102,002623.SZ,玻璃陶瓷,亚玛顿,24.53,10.0,213377682.0,,3914341021.25,3924800000.0,5.55,6553410270.0,100639,102439,2,1/1,1.0,U
20200102,002624.SZ,文化传媒,完美世界,48.55,9.99,930274352.0,,56315472147.15,62760482462.4,1.71,17511985000.0,111403,142909,6,1/1,1.0,U
20200102,002662.SZ,汽车行业,京威股份,2.9,9.85,27912367.0,,4231016190.0,4350000000.0,0.67,25608769000.0,93254,93254,0,1/1,1.0,U
20200102,002687.SZ,纺织服装,乔治白,6.77,10.08,229067264.0,,1988789050.0,2369500000.0,11.76,3025513000.0,130624,144512,13,1/1,1.0,U
20200102,002691.SZ,机械行业,冀凯股份,6.6,10.0,80697275.0,,2237994666.6,2244000000.0,3.68,2885520000.0,140712,144318,3,1/1,1.0,U
20200102,002699.SZ,文教休闲,美盛文化,7.43,10.07,142482340.0,,5901189268.75,6758125309.6,2.45,48564411800.0,93348,93348,0,1/1,1.0,U
20200102,002791.SZ,金属制品,坚朗五金,33.54,10.0,149862250.0,,5403506408.82,10784451600.0,2.87,16420546740.0,142515,142515,0,1/1,1.0,U
20200102,002875.SZ,纺织服装,安奈儿,17.26,10.01,120248469.0,,618088522.34,2273380239.78,20.11,15986936920.0,132724,140124,3,1/1,1.0,U
20200102,002878.SZ,文化传媒,元隆雅图,32.62,10.02,118096476.0,,1308792166.08,4253857094.2,9.04,45049198600.0,92503,93124,1,3/4,2.0,U
20200102,002952.SZ,电子元件,亚世光电,34.87,10.0,144997569.0,,797128200.0,3820357200.0,18.59,13322083500.0,130248,132512,1,1/1,1.0,U
20200102,002970.SZ,电子信息,锐明技术,134.85,10.0,929470832.0,,2912760000.0,11651040000.0,32.82,35123570400.0,101742,132427,4,10/12,1.0,U
20200102,002972.SZ,专用设备,科安达,22.03,9.99,1629999.0,,971082400.0,3884329600.0,0.17,55551068300.0,92503,92503,0,4/4,4.0,U
20200102,300013.SZ,交运物流,新宁物流,8.28,-10.0,327125888.0,204096618000.0,3386786640.84,3698569353.6,9.51,29776378680.0,,102215,14,,1.0,D
20200102,300038.SZ,通讯行业,数知科技,9.48,9.98,729329952.0,,7638242246.88,11108921097.6,9.8,20100548280.0,132445,140627,5,1/1,1.0,U
20200102,300063.SZ,化工行业,天龙集团,3.44,9.9,40976244.0,,2001790751.04,2576566714.88,2.05,26524811440.0,92503,92503,0,1/1,1.0,U
20200102,300082.SZ,化工行业,奥克股份,6.59,9.83,169299902.0,,4456558678.59,4485944800.0,3.87,,131209,,4,0/0,,Z
20200102,300088.SZ,电子元件,长信科技,11.13,8.37,2852788112.0,,25262408766.0,25732273647.36,11.43,,103954,,1,0/0,,Z
20200102,300090.SZ,环保工程,盛运环保,1.5,10.29,20017362.0,,1712273089.5,1979929392.0,1.17,75530094000.0,92503,92503,0,1/1,1.0,U
20200102,300113.SZ,软件服务,顺网科技,28.26,10.0,712137600.0,,13501194765.84,19620557628.48,5.42,99372503160.0,95945,101130,2,1/1,1.0,U
20200102,300116.SZ,机械行业,坚瑞沃能,1.92,-2.04,472318688.0,,3781353350.4,4670447155.2,11.83,,92503,,1,2/3,,Z
20200102,300132.SZ,化工行业,青松股份,12.13,9.97,392923184.0,,4681209600.0,6266126074.4,8.51,3177841660.0,93745,145333,3,1/1,1.0,U
20200102,300170.SZ,软件服务,汉得信息,10.66,10.01,684604848.0,,7786204392.2,9423620623.04,8.96,32124005940.0,101221,112451,2,1/1,1.0,U
20200102,300236.SZ,材料行业,上海新阳,29.8,7.7,1149085648.0,,8504057796.6,8661337577.6,13.59,,102700,,1,0/0,,Z
20200102,300264.SZ,软件服务,佳创视讯,5.3,9.96,273349056.0,,1708890898.5,2189430000.0,16.11,11482450000.0,92503,104818,2,1/1,1.0,U
20200102,300300.SZ,软件服务,汉鼎宇佑,11.53,8.06,1222159616.0,,7740665061.86,7839775350.72,16.22,,133418,,1,0/0,,Z
20200102,300315.SZ,电子信息,掌趣科技,6.63,7.46,1087770704.0,,17240461460.43,18282120192.96,6.32,,103948,,3,0/0,,Z
20200102,300327.SZ,电子元件,中颖电子,27.95,8.5,634491488.0,,7077244655.0,7100937758.2,9.04,,105257,,4,0/0,,Z
20200102,300343.SZ,电子信息,联创股份,3.16,10.1,156467269.0,,2505657981.56,3715237381.12,6.35,43404932080.0,94851,94851,0,1/1,1.0,U
20200102,300348.SZ,软件服务,长亮科技,23.01,9.99,1126940144.0,,7945020620.55,11086454358.72,14.72,100395713340.0,141503,141503,0,1/1,1.0,U
20200102,300413.SZ,文化传媒,芒果超媒,38.46,10.01,859119712.0,,32076418738.08,68473318803.84,2.72,33485698980.0,101239,134254,15,1/1,1.0,U
20200102,300432.SZ,汽车行业,富临精工,13.63,10.01,313670448.0,,5263953377.88,5925299678.24,6.07,41982676210.0,94612,94839,1,5/10,2.0,U
20200102,300460.SZ,电子元件,惠伦晶体,18.07,9.98,171676839.0,,3040714794.0,3040714794.0,5.77,7089186260.0,111030,143430,6,1/1,1.0,U
20200102,300552.SZ,软件服务,万集科技,92.84,10.0,457362384.0,,4387477468.88,10206606784.0,10.93,12524116000.0,141615,142636,1,1/1,1.0,U
20200102,300617.SZ,电力行业,安靠智电,27.42,9.99,120149758.0,,1006451100.0,2742137100.0,12.21,31292279820.0,95436,95436,0,1/1,1.0,U
20200102,300693.SZ,专用设备,盛弘股份,15.76,9.98,194107249.0,,1109826607.2,2156761185.04,18.19,27771326400.0,105936,105936,0,2/2,2.0,U
20200102,300707.SZ,汽车行业,威唐工业,20.24,10.0,410976512.0,,1562410243.68,3181728000.0,27.37,28467560000.0,100427,100533,1,7/9,1.0,U
20200102,300713.SZ,输配电气,英可瑞,15.14,10.03,99280111.0,,972347620.42,2171643750.0,10.55,129829981440.0,105336,105336,0,1/1,1.0,U
20200102,300740.SZ,化工行业,御家汇,10.17,7.17,430251680.0,,2029612489.11,4181098698.72,21.31,,130157,,1,0/0,,Z
20200102,300766.SZ,电子信息,每日互动,36.09,10.0,124184309.0,,1447209000.0,14439609000.0,8.82,32956882740.0,105930,105930,0,1/1,1.0,U
20200102,300779.SZ,环保工程,惠城环保,31.22,-0.76,159670383.0,,780500000.0,3122000000.0,20.04,,93027,,1,0/0,,Z
20200102,300781.SZ,文化传媒,因赛集团,35.73,10.01,115534210.0,,755166234.15,3020664936.6,15.83,60456374820.0,111103,111103,0,1/1,1.0,U
20200102,300785.SZ,电子信息,值得买,158.42,10.0,380712016.0,,2112266772.28,8449066772.28,18.69,21486504600.0,110457,110715,1,1/1,1.0,U
20200102,300787.SZ,电子元件,海能实业,103.72,10.0,361761472.0,,2200938400.0,8803753600.0,17.33,112308016000.0,110500,110615,1,7/9,2.0,U
20200102,300792.SZ,电子信息,壹网壹创,194.34,10.0,415330000.0,,3886800000.0,15547200000.0,10.96,44056100640.0,95103,105442,3,1/1,1.0,U
20200102,300805.SZ,文化传媒,电声股份,30.11,10.01,683701152.0,,1274556300.0,12743455300.0,55.54,14870214930.0,111306,145530,3,4/5,2.0,U
20200102,300807.SZ,专用设备,天迈科技,60.04,10.0,7767134.0,,1020680000.0,4073774040.0,0.76,256540953360.0,92503,92503,0,10/10,10.0,U
20200102,300811.SZ,电子元件,铂科新材,45.69,9.99,705544.0,,657936000.0,2631744000.0,0.11,54666166020.0,92503,92503,0,3/3,3.0,U
20200102,600026.SH,港口水运,中远海能,6.93,8.62,470963712.0,,18960707726.73,27941987747.52,2.54,,141825,,2,0/0,,Z
20200102,600053.SH,多元金融,九鼎投资,27.97,9.99,25780760.0,,12126136176.0,12126136176.0,0.21,74553223870.0,92503,92503,0,3/3,3.0,U
20200102,600095.SH,房地产,哈高科,10.8,9.98,22411609.0,,3901646502.0,3901646534.4,0.57,95580550800.0,92503,92503,0,2/2,2.0,U
20200102,600223.SH,房地产,鲁商发展,9.27,9.96,21091660.0,,9278973360.0,9278973360.0,0.23,83082745800.0,92503,92503,0,5/9,3.0,U
20200102,600235.SH,造纸印刷,民丰特纸,6.04,4.14,488549488.0,,2121852000.0,2121852000.0,22.56,,92511,,3,2/3,,Z
20200102,600242.SH,软件服务,中昌数据,8.66,10.04,332276800.0,,3573468453.34,3954719939.2,9.66,53358988360.0,103543,103543,0,2/4,1.0,U
20200102,600313.SH,农牧饲渔,农发种业,3.1,9.93,211376162.0,,3160131031.7,3354815833.6,6.98,29099582200.0,132201,132201,0,1/1,1.0,U
20200102,600358.SH,旅游酒店,国旅联合,4.62,10.0,34934163.0,,2332807369.2,2332807350.72,1.51,20600312040.0,93226,93226,0,1/1,1.0,U
20200102,600513.SH,医药制造,联环药业,8.57,10.01,323890416.0,,2446360233.9,2469063072.32,13.94,67666560360.0,134809,134809,0,2/2,2.0,U
20200102,600599.SH,多元金融,熊猫金控,11.57,9.98,93056695.0,,1920620000.0,1920620000.0,4.92,21138783380.0,93858,93858,0,1/1,1.0,U
20200102,600633.SH,文化传媒,浙数文化,9.94,8.63,475350848.0,,12941124092.82,12941124082.88,3.72,,104622,,1,0/0,,Z
20200102,600678.SH,水泥建材,四川金顶,8.59,9.99,384776144.0,,2997824100.0,2997824100.0,13.02,36998581710.0,93443,95031,1,3/3,3.0,U
20200102,600683.SH,房地产,京投发展,4.98,9.93,84136602.0,,3689072433.06,3689072448.0,2.28,19406811000.0,92503,93755,2,2/2,2.0,U
20200102,600739.SH,国际贸易,辽宁成大,16.75,9.98,889145568.0,,25622639418.0,25622639552.0,3.56,6521026250.0,112231,112231,0,1/1,1.0,U
20200102,600883.SH,水泥建材,博闻科技,8.4,9.95,83484400.0,,1983139200.0,1983139200.0,4.35,,143649,,1,0/0,,Z
20200102,600966.SH,造纸印刷,博汇纸业,5.84,9.98,25625862.0,,7807170641.92,7807170641.92,0.33,74799946400.0,92503,92503,0,2/2,1.0,U
20200102,601608.SH,机械行业,中信重工,4.09,9.95,163728686.0,,17748224908.37,17748225313.28,0.94,37117535280.0,100055,100055,0,1/1,1.0,U
20200102,601881.SH,券商信托,中国银河,12.47,7.41,2866766128.0,,15319780123.48,126411616637.44,18.53,,95425,,10,0/0,,Z
20200102,603005.SH,电子元件,晶方科技,43.32,10.01,819958368.0,,9949713990.6,9949713990.6,8.51,65565513120.0,110202,111847,2,1/1,1.0,U
20200102,603016.SH,输配电气,新宏泰,18.59,10.0,35820904.0,,2754294400.0,2754294400.0,1.3,67078464310.0,92502,92502,0,1/1,1.0,U
20200102,603109.SH,专用设备,神驰机电,29.12,10.01,12137886.0,,1067830400.0,4271030400.0,1.14,51530082240.0,92502,92502,0,2/2,2.0,U
20200102,603129.SH,交运设备,春风动力,46.53,10.0,123927422.0,,3052277452.62,6252952662.0,4.17,10735401600.0,134408,135541,1,1/1,1.0,U
20200102,603178.SH,汽车行业,圣龙股份,13.15,10.04,150320845.0,,670163450.0,2654219670.0,22.99,13398535000.0,104511,143757,6,3/5,1.0,U
20200102,603189.SH,软件服务,网达软件,18.67,10.02,121664586.0,,4122336000.0,4122336000.0,3.0,37657390000.0,93808,93808,0,1/1,1.0,U
20200102,603196.SH,纺织服装,日播时尚,11.23,9.99,281174688.0,,734442000.0,2695200000.0,38.74,14542850000.0,93319,131043,8,3/3,3.0,U
20200102,603208.SH,木业家具,江山欧派,56.06,10.01,186790710.0,,1727548379.66,4530548379.66,11.07,4933280000.0,142607,143534,3,1/1,1.0,U
20200102,603366.SH,家电行业,日出东方,6.29,9.97,161613633.0,,5032000000.0,5032000000.0,3.24,31694668420.0,93019,93055,1,3/3,3.0,U
20200102,603598.SH,文化传媒,引力传媒,18.69,10.01,203057450.0,,5006357601.0,5057944019.52,4.06,79311725220.0,93001,93001,0,7/10,1.0,U
20200102,603608.SH,纺织服装,天创时尚,10.44,10.01,373374816.0,,3305346647.4,4503838550.4,11.71,17712796320.0,130128,131949,2,4/5,1.0,U
20200102,603630.SH,化工行业,拉芳家化,14.85,10.0,135158290.0,,1207205356.5,3366792000.0,11.59,25992355950.0,112954,112954,0,1/1,1.0,U
20200102,603688.SH,材料行业,石英股份,20.68,10.0,295742576.0,,6975293688.0,6975293853.44,4.29,43699383640.0,92502,94704,1,1/1,1.0,U
20200102,603721.SH,文化传媒,中广天择,28.97,9.98,363997584.0,,1783101385.19,3766100000.0,20.73,35483064370.0,93031,95240,5,1/1,1.0,U
20200102,603729.SH,文化传媒,龙韵股份,16.55,4.09,167397176.0,,1544743900.0,1544743900.0,10.5,,100646,,8,0/0,,Z
20200102,603738.SH,电子元件,泰晶科技,21.54,10.01,219179452.0,,3599567665.92,3599567665.92,6.24,31342143180.0,95241,95241,0,1/1,1.0,U
20200102,603825.SH,文化传媒,华扬联众,21.29,10.03,232549381.0,,2017973778.37,4918454036.84,11.93,38297388760.0,93404,93836,3,4/6,1.0,U
20200102,603839.SH,纺织服装,安正时尚,14.3,9.16,141489733.0,,1508853346.0,5746139256.0,9.58,,131750,,3,0/0,,Z
20200102,603880.SH,医药制造,南卫股份,12.86,10.01,272600992.0,,1060046585.0,2173340000.0,27.09,8958198840.0,135308,145100,1,3/3,3.0,U
20200102,603920.SH,电子元件,世运电路,21.0,10.01,517449520.0,,2753570778.0,8603095200.0,19.55,56973000000.0,102528,102558,1,1/1,1.0,U
20200102,603987.SH,医疗行业,康德莱,8.93,9.98,198123145.0,,3943568370.0,3943568441.44,5.14,13464037830.0,101545,102745,2,1/1,1.0,U
20200103,000021.SZ,电子信息,深科技,14.17,10.02,1870414416.0,,20820364496.88,20847745131.2,9.47,120363451650.0,144909,144909,0,1/1,1.0,U
20200103,000159.SZ,石油行业,国际实业,6.38,7.77,433586096.0,,3066776635.34,3066776680.0,14.16,,111721,,4,0/0,,Z
20200103,000407.SZ,石油行业,胜利股份,3.75,2.74,109265110.0,,3284039362.5,3300317460.0,3.29,,93024,,1,0/0,,Z
20200103,000587.SZ,珠宝首饰,金洲慈航,2.02,9.78,162537960.0,,2450283937.0,4289973642.56,6.78,9456941080.0,103451,105515,4,1/1,1.0,U
20200103,000622.SZ,机械行业,恒立实业,5.36,10.06,189837427.0,,2279211360.0,2279211360.0,8.42,14567408000.0,95030,95824,2,1/1,1.0,U
20200103,000636.SZ,电子元件,风华高科,17.03,10.01,952379488.0,,15245308980.33,15245819761.12,6.34,146003639600.0,94103,94103,0,1/1,1.0,U
20200103,000673.SZ,文化传媒,当代东方,5.8,10.06,489367808.0,,4579160076.4,4590992598.4,11.29,35386380000.0,141942,144551,3,1/1,1.0,U
20200103,000713.SZ,农牧饲渔,丰乐种业,9.65,10.03,758371584.0,,3749399014.7,4232317535.2,20.84,48997402150.0,133109,133109,0,1/1,1.0,U
20200103,000716.SZ,食品饮料,黑芝麻,4.92,7.42,783898672.0,,3271707292.44,3672267847.68,23.94,,93206,,1,4/5,,Z
20200103,000892.SZ,文化传媒,欢瑞世纪,5.8,10.06,90183660.0,,3121422052.8,5689686784.0,2.9,5938701200.0,93239,94439,3,1/1,1.0,U
20200103,000998.SZ,农牧饲渔,隆平高科,17.8,10.01,628290416.0,,17180664824.2,23442071411.2,3.66,256360762000.0,92503,92503,0,3/3,3.0,U
20200103,002041.SZ,农牧饲渔,登海种业,11.03,9.97,607087680.0,,9616125968.73,9706400000.0,6.39,65421676470.0,93730,100339,7,2/3,1.0,U
20200103,002105.SZ,文教休闲,信隆健康,7.14,10.02,239277373.0,,2631090000.0,2631090000.0,9.28,26190862320.0,94454,132003,2,2/2,2.0,U
20200103,002115.SZ,通讯行业,三维通信,9.42,5.96,878854176.0,,5010039830.04,6774770553.6,17.34,,94624,,1,0/0,,Z
20200103,002170.SZ,化肥行业,芭田股份,3.7,10.12,187539870.0,,2564916597.4,3281391708.8,7.58,29339342400.0,130003,130003,0,1/1,1.0,U
20200103,002197.SZ,电子信息,证通电子,9.03,9.99,217308292.0,,3924093180.42,4651867204.32,5.87,77518576800.0,142539,142539,0,1/1,1.0,U
20200103,002264.SZ,商业百货,新 华 都,5.4,9.98,125711115.0,,3668587000.2,3696644995.2,3.61,9792360000.0,145118,145554,1,1/1,1.0,U
20200103,002291.SZ,纺织服装,星期六,23.8,9.98,1699408144.0,,9494341101.0,17575992694.4,18.36,32582438000.0,93230,145027,4,12/15,3.0,U
20200103,002315.SZ,电子信息,焦点科技,23.13,9.99,306108304.0,,2715238147.86,5435550000.0,11.38,30723740910.0,93203,94406,3,2/2,2.0,U
20200103,002385.SZ,农牧饲渔,大北农,6.03,10.04,148655907.0,,16772708517.03,25297836812.64,0.89,470324177280.0,92503,92503,0,4/4,4.0,U
20200103,002428.SZ,有色金属,云南锗业,10.11,10.01,821886800.0,,6514012699.98,6603043200.0,13.06,38242015230.0,144136,145157,1,1/1,1.0,U
20200103,002482.SZ,装修装饰,广田集团,4.98,9.93,248187340.0,,7615887088.08,7655652726.72,3.34,,135918,,6,0/0,,Z
20200103,002530.SZ,软件服务,金财互联,13.43,9.99,537995568.0,,8553324454.2,10464631503.68,6.38,20628748600.0,94942,133118,14,1/1,1.0,U
20200103,002591.SZ,化工行业,恒大高新,10.45,10.0,191851914.0,,1985799455.2,3205255433.6,9.97,29482250600.0,102748,102748,0,1/1,1.0,U
20200103,002654.SZ,文化传媒,万润科技,6.12,10.07,564642800.0,,3784058332.2,5392586689.92,15.36,3990240000.0,100312,145109,6,3/5,1.0,U
20200103,002657.SZ,软件服务,中科金财,20.87,10.02,614265008.0,,5889635171.22,7045225478.56,10.85,7708146670.0,142809,144600,2,1/1,1.0,U
20200103,002776.SZ,纺织服装,柏堡龙,8.79,6.16,646853056.0,,2982960520.59,4728924224.16,21.86,,95503,,1,0/0,,Z
20200103,002878.SZ,文化传媒,元隆雅图,35.88,9.99,348069344.0,,1439591137.92,4678981990.8,24.19,22197162000.0,92503,130518,8,4/5,3.0,U
20200103,002970.SZ,电子信息,锐明技术,144.99,7.52,1275468416.0,,3131784000.0,12527136000.0,40.38,,94927,,12,10/13,,Z
20200103,002972.SZ,专用设备,科安达,24.23,9.99,5465973.0,,1068058400.0,4272233600.0,0.51,56090341990.0,92503,92503,0,5/5,5.0,U
20200103,300038.SZ,通讯行业,数知科技,10.43,10.02,1463032176.0,,8403677915.08,12222156861.6,17.52,41651193290.0,92503,132609,5,2/2,2.0,U
20200103,300058.SZ,文化传媒,蓝色光标,6.64,9.93,233160612.0,,14459214956.96,16540491257.6,1.61,179922944560.0,92503,92503,0,1/1,1.0,U
20200103,300063.SZ,化工行业,天龙集团,3.73,8.43,407465648.0,,2170546366.68,2793777280.96,18.75,,92503,,4,1/2,,Z
20200103,300081.SZ,电子信息,恒信东方,11.53,7.96,657668944.0,,4172050170.49,6101190264.16,15.87,,101851,,2,0/0,,Z
20200103,300087.SZ,农牧饲渔,荃银高科,11.17,10.05,199935679.0,,4400634779.98,4806786814.88,4.63,29806698200.0,110921,111800,2,1/1,1.0,U
20200103,300090.SZ,环保工程,盛运环保,1.65,10.0,11134398.0,,1883500398.45,2177922331.2,0.59,83535837000.0,92503,92503,0,2/2,2.0,U
20200103,300146.SZ,食品饮料,汤臣倍健,17.74,9.98,854805120.0,,15644565977.42,28073418014.4,5.62,42187334340.0,95836,140457,1,1/1,1.0,U
20200103,300184.SZ,电子元件,力源信息,8.22,10.04,889210400.0,,5057846736.84,9684460601.28,18.12,62111207760.0,140045,141224,2,1/1,1.0,U
20200103,300189.SZ,农牧饲渔,神农科技,4.05,10.05,180087550.0,,3872574441.0,4147200000.0,4.68,17838079200.0,93400,103618,1,1/1,1.0,U
20200103,300248.SZ,软件服务,新开普,9.42,10.05,139742849.0,,3017157883.98,4531891312.32,4.63,40565091660.0,92503,92503,0,1/1,1.0,U
20200103,300259.SZ,仪器仪表,新天科技,5.03,10.07,531485984.0,,3647736760.25,5913559498.56,14.86,80168140.0,102042,145551,7,1/1,1.0,U
20200103,300264.SZ,软件服务,佳创视讯,5.83,10.0,232871562.0,,1879779988.35,2408373000.0,12.98,29966631420.0,95954,95954,0,2/2,2.0,U
20200103,300336.SZ,文化传媒,新文化,4.75,9.7,508495856.0,,3349548332.5,3829593412.0,15.43,,93003,,9,0/0,,Z
20200103,300343.SZ,电子信息,联创股份,3.48,10.13,494217056.0,,2759395498.68,4091463951.36,18.28,53672739480.0,93630,94012,1,2/2,2.0,U
20200103,300345.SZ,金属制品,红宇新材,8.32,4.52,306529376.0,,2658834647.04,3671578460.16,11.38,,93036,,1,0/0,,Z
20200103,300397.SZ,电子信息,天和防务,33.08,9.0,771625472.0,,5108567556.0,7939200000.0,15.2,,102021,,27,0/0,,Z
20200103,300510.SZ,输配电气,金冠股份,7.33,3.39,362593248.0,,3703577811.99,6471546991.36,9.82,,93315,,1,0/0,,Z
20200103,300592.SZ,装修装饰,华凯创意,12.28,2.93,118292089.0,,1064755820.0,1502839908.0,10.88,,93618,,1,0/0,,Z
20200103,300627.SZ,电子信息,华测导航,24.38,10.02,203034517.0,,2513518634.7,5945794887.6,8.33,22022844080.0,100418,100418,0,1/1,1.0,U
20200103,300643.SZ,汽车行业,万通智控,25.47,10.02,626669488.0,,2132728947.27,5094000000.0,30.65,48088378800.0,102736,103112,1,1/1,1.0,U
20200103,300713.SZ,输配电气,英可瑞,15.45,2.05,280893712.0,,992256983.85,2216109375.0,27.24,,93409,,1,1/2,,Z
20200103,300787.SZ,电子元件,海能实业,93.35,-10.0,823471008.0,110573075000.0,1980887000.0,7923548000.0,38.71,14710653100.0,,144145,1,,1.0,D
20200103,300795.SZ,文化传媒,米奥兰特,32.11,10.0,362516288.0,,804066510.0,3216266040.0,45.97,23209974970.0,101851,132539,5,1/1,1.0,U
20200103,300807.SZ,专用设备,天迈科技,66.04,9.99,14149136.0,,1122680000.0,4480880040.0,1.26,234682979960.0,92503,92503,0,11/11,11.0,U
20200103,300811.SZ,电子元件,铂科新材,50.26,10.0,1725275.0,,723744000.0,2894976000.0,0.24,83535788980.0,92503,92503,0,4/4,4.0,U
20200103,600053.SH,多元金融,九鼎投资,30.77,10.01,819890208.0,,13340050416.0,13340050416.0,6.25,13688219120.0,93209,133947,15,4/4,4.0,U
20200103,600095.SH,房地产,哈高科,10.95,1.39,1419836320.0,,3955836036.75,3955836069.6,34.29,,92503,,1,2/3,,Z
20200103,600223.SH,房地产,鲁商发展,9.56,3.13,1565613808.0,,9569254080.0,9569254080.0,16.14,,92505,,2,5/10,,Z
20200103,600227.SH,化工行业,圣济堂,2.79,9.84,116410172.0,,3566120936.13,4723844440.32,3.32,7350712560.0,130007,130007,0,1/1,1.0,U
20200103,600242.SH,软件服务,中昌数据,9.53,10.05,662997072.0,,3932465861.47,4352018593.6,17.2,45755836260.0,94634,112446,5,3/5,2.0,U
20200103,600313.SH,农牧饲渔,农发种业,3.41,10.0,130061091.0,,3476144134.87,3690297416.96,3.77,47958236590.0,93001,93001,0,2/2,2.0,U
20200103,600316.SH,航天航空,洪都航空,14.51,10.01,349306304.0,,10405331569.12,10405331569.12,3.51,76291867820.0,112124,112124,0,1/1,1.0,U
20200103,600354.SH,农牧饲渔,敦煌种业,5.82,10.02,449346640.0,,3071808105.6,3071808105.6,15.04,26081166000.0,133218,133218,0,1/1,1.0,U
20200103,600359.SH,农牧饲渔,新农开发,6.16,10.0,288364960.0,,2350118971.2,2350118946.56,12.64,7113752800.0,142222,142222,0,1/1,1.0,U
20200103,600371.SH,农牧饲渔,万向德农,13.68,9.97,556677984.0,,3078820800.0,3078820800.0,18.63,17522712000.0,133415,140349,4,1/1,1.0,U
20200103,600478.SH,材料行业,科力远,4.85,9.98,219673049.0,,7127980398.0,8018414751.2,3.18,35422135050.0,104553,104553,0,1/1,1.0,U
20200103,600965.SH,农牧饲渔,福成股份,7.88,10.06,102644381.0,,6451363525.4,6451363564.8,1.65,10678976000.0,135256,140017,1,1/1,1.0,U
20200103,603000.SH,文化传媒,人民网,22.44,10.0,660488704.0,,24811707296.64,24811707296.64,2.7,151281234720.0,93616,93616,0,1/1,1.0,U
20200103,603005.SH,电子元件,晶方科技,45.87,5.89,1676572336.0,,10535396600.85,10535396600.85,15.85,,140155,,1,1/2,,Z
20200103,603109.SH,专用设备,神驰机电,32.03,9.99,157625315.0,,1174540100.0,4697840100.0,13.43,60880285810.0,93002,93002,0,3/3,3.0,U
20200103,603133.SH,电子元件,碳元科技,27.67,10.02,302177696.0,,3125572624.65,5823843250.0,10.1,,143046,,6,0/0,,Z
20200103,603178.SH,汽车行业,圣龙股份,14.47,10.04,200601406.0,,737434610.0,2920650846.0,27.65,,94453,,10,3/6,,Z
20200103,603279.SH,专用设备,景津环保,24.17,10.01,279122000.0,,978885000.0,9668846143.36,29.45,4355434000.0,134310,142337,6,1/1,1.0,U
20200103,603366.SH,家电行业,日出东方,6.92,10.02,125304515.0,,5536000000.0,5536000000.0,2.28,42329619240.0,93014,93038,1,4/4,4.0,U
20200103,603536.SH,食品饮料,惠发食品,22.3,-10.01,344918000.0,76232996000.0,1343665694.1,3746400000.0,23.58,399783852100.0,,103417,0,,1.0,D
20200103,603598.SH,文化传媒,引力传媒,20.56,10.01,762419440.0,,5507261224.0,5564009044.48,13.92,28206264000.0,92502,144429,8,8/11,2.0,U
20200103,603619.SH,石油行业,中曼石油,15.54,9.98,287898048.0,,2227217881.56,6216001491.84,13.21,19567968000.0,102646,110601,7,1/1,1.0,U
20200103,603630.SH,化工行业,拉芳家化,16.34,10.03,371424336.0,,1328332358.6,3704604800.0,28.88,3814246200.0,134002,150003,3,2/2,2.0,U
20200103,603688.SH,材料行业,石英股份,22.07,6.72,666481136.0,,7444135962.0,7444136138.56,8.83,,93908,,8,1/2,,Z
20200103,603721.SH,文化传媒,中广天择,31.87,10.01,608557584.0,,1961596173.49,4143100000.0,31.62,11563455840.0,92503,145524,6,2/2,2.0,U
20200103,603799.SH,有色金属,华友钴业,44.13,9.97,2735041904.0,,47601772015.23,47601772059.36,5.98,,142322,,3,0/0,,Z
20200103,603825.SH,文化传媒,华扬联众,23.42,10.0,642490528.0,,2219865941.26,5410530462.32,29.36,9673865200.0,92502,144741,18,5/7,2.0,U
20200103,603888.SH,文化传媒,新华网,23.91,9.98,697213536.0,,12409991997.6,12409991997.6,5.67,17921740500.0,93707,105555,9,1/1,1.0,U
20200103,603920.SH,电子元件,世运电路,23.1,10.0,628109808.0,,3028927855.8,9463404720.0,21.49,53737206600.0,95847,95847,0,3/6,2.0,U
20200106,000009.SZ,房地产,中国宝安,7.04,10.0,869712128.0,,17908611628.16,18157666334.72,4.99,129925593600.0,94951,94951,0,1/1,1.0,U
20200106,000554.SZ,石油行业,泰山石油,5.57,10.08,247465932.0,,2019958901.41,2678018836.96,12.95,10946470350.0,145551,145551,0,1/1,1.0,U
20200106,000587.SZ,珠宝首饰,金洲慈航,2.22,9.9,341719232.0,,2692886307.0,4714723508.16,13.18,27126988080.0,141018,141018,0,2/2,2.0,U
20200106,000622.SZ,机械行业,恒立实业,5.9,10.07,392009616.0,,2508833400.0,2508833400.0,16.29,37170348100.0,94757,102548,1,2/2,2.0,U
20200106,000713.SZ,农牧饲渔,丰乐种业,10.62,10.05,1098370752.0,,4126281609.96,4657742199.36,27.2,15466543200.0,130609,144327,3,2/2,2.0,U
20200106,000821.SZ,机械行业,京山轻机,7.08,9.94,120046984.0,,3199559708.04,3810705782.4,3.8,26113652520.0,93012,93554,1,1/1,1.0,U
20200106,000892.SZ,文化传媒,欢瑞世纪,6.38,10.0,276395968.0,,3433564258.08,6258655462.4,8.25,9709084000.0,94506,143042,8,2/2,2.0,U
20200106,000949.SZ,化纤行业,新乡化纤,3.7,-9.98,420795168.0,181550071900.0,4651326621.1,4653327377.6,8.96,7361031600.0,,145657,44,,1.0,D
20200106,000998.SZ,农牧饲渔,隆平高科,19.58,10.0,522482048.0,,18898731306.62,25786278552.32,2.76,343004260940.0,92503,92503,0,4/4,4.0,U
20200106,002009.SZ,机械行业,天奇股份,8.65,10.05,159525115.0,,2696023540.3,3205252656.0,6.12,55563941050.0,103427,103427,0,1/1,1.0,U
20200106,002041.SZ,农牧饲渔,登海种业,12.13,9.97,287920496.0,,10575123118.83,10674400000.0,2.73,71940422050.0,92503,93209,1,3/4,2.0,U
20200106,002050.SZ,家电行业,三花智控,19.25,6.83,1809969456.0,,46559611425.25,53238914652.0,3.84,,94112,,7,0/0,,Z
20200106,002052.SZ,通讯行业,同洲电子,3.63,10.0,164692852.0,,2707810170.45,2707833696.48,6.21,28317546510.0,100603,101139,3,1/1,1.0,U
20200106,002101.SZ,汽车行业,广东鸿图,8.06,9.96,206867339.0,,3430140174.24,4290848681.6,6.16,8655214880.0,131906,143012,8,1/1,1.0,U
20200106,002108.SZ,塑胶制品,沧州明珠,4.28,10.03,256418706.0,,6068715571.72,6068715541.76,4.39,26790035120.0,102906,102906,0,1/1,1.0,U
20200106,002115.SZ,通讯行业,三维通信,10.36,9.98,1228340432.0,,5509980110.32,7450809228.8,22.91,17283940240.0,100242,141848,7,1/1,1.0,U
20200106,002160.SZ,有色金属,常铝股份,3.44,9.9,39634262.0,,2347537032.64,2736802024.96,1.69,38829041280.0,92503,92503,0,1/1,1.0,U
20200106,002163.SZ,玻璃陶瓷,中航三鑫,6.03,10.04,190379037.0,,4844804151.24,4845406500.0,4.18,10538015940.0,144103,144515,3,3/6,1.0,U
20200106,002170.SZ,化肥行业,芭田股份,4.0,8.11,448459184.0,,2772882808.0,3547450496.0,16.12,,93039,,3,1/2,,Z
20200106,002237.SZ,贵金属,恒邦股份,16.25,10.02,1558773728.0,,13839718750.0,14794000000.0,11.59,18923125000.0,140906,145424,5,1/1,1.0,U
20200106,002239.SZ,汽车行业,奥特佳,1.96,10.11,244593790.0,,6060875238.6,6137464471.04,4.13,15278635120.0,104742,104742,0,1/1,1.0,U
20200106,002343.SZ,文化传媒,慈文传媒,13.49,10.03,457852912.0,,5428243932.9,6407071183.2,8.76,38991401570.0,102824,103818,4,1/1,1.0,U
20200106,002385.SZ,农牧饲渔,大北农,6.63,9.95,82492860.0,,18441634737.63,27815034505.44,0.45,802133453940.0,92503,92503,0,5/5,5.0,U
20200106,002389.SZ,电子元件,航天彩虹,12.74,10.02,72528870.0,,7601773550.28,12052838645.12,0.95,77183965040.0,92503,92503,0,1/1,1.0,U
20200106,002428.SZ,有色金属,云南锗业,11.12,9.99,828207904.0,,7164769656.16,7262694400.0,12.12,62455591200.0,110348,110348,0,3/6,2.0,U
20200106,002441.SZ,输配电气,众业达,8.42,10.07,153875123.0,,3317483561.66,4587607631.04,4.79,27889683880.0,101530,101530,0,1/1,1.0,U
20200106,002460.SZ,有色金属,赣锋锂业,40.0,9.95,3768945056.0,,31449785400.0,51704032640.0,12.23,,103230,,6,0/0,,Z
20200106,002470.SZ,化肥行业,金正大,2.97,5.69,610458656.0,,8424575270.1,9759502399.68,7.27,,132433,,1,0/0,,Z
20200106,002481.SZ,食品饮料,双塔食品,8.55,5.43,725101728.0,,9465941407.5,10630984500.0,7.66,,111403,,1,0/0,,Z
20200106,002497.SZ,化工行业,雅化集团,8.58,9.3,957482304.0,,7258017169.26,8225729191.68,13.52,,131845,,1,0/0,,Z
20200106,002510.SZ,汽车行业,天汽模,5.43,9.92,595809488.0,,4273033576.11,5000221668.48,14.05,34724116950.0,93018,100257,3,1/1,1.0,U
20200106,002515.SZ,食品饮料,金字火腿,6.2,9.93,360783184.0,,5090706583.4,6065542336.0,7.34,81567224800.0,111336,111336,0,1/1,1.0,U
20200106,002536.SZ,汽车行业,飞龙股份,5.39,6.73,186411098.0,,2539612913.53,2698836645.12,7.37,,131515,,1,0/0,,Z
20200106,002540.SZ,有色金属,亚太科技,4.71,10.05,153850417.0,,4215133784.73,5984193963.84,3.72,2167306500.0,130315,144521,3,1/1,1.0,U
20200106,002548.SZ,农牧饲渔,金新农,9.6,6.9,313380880.0,,3815045404.8,4154973849.6,8.33,,110557,,1,0/0,,Z
20200106,002623.SZ,玻璃陶瓷,亚玛顿,26.55,9.98,109156850.0,,4236679743.75,4248000000.0,2.59,55541405250.0,92503,93439,3,2/3,1.0,U
20200106,002635.SZ,电子元件,安洁科技,19.93,9.75,1462816400.0,,7225808064.73,13735956575.52,20.92,,131433,,3,0/0,,Z
20200106,002686.SZ,机械行业,亿利达,7.08,9.94,138403667.0,,2412708339.12,3083825404.8,5.78,61832472000.0,94642,105700,4,1/1,1.0,U
20200106,002709.SZ,化工行业,天赐材料,22.83,9.39,549238592.0,,8359311709.68,12518243495.04,6.71,,132024,,1,0/0,,Z
20200106,002740.SZ,珠宝首饰,爱迪尔,7.21,10.08,135534458.0,,1370507896.73,3273780329.12,10.25,24270568770.0,101603,101603,0,1/1,1.0,U
20200106,002759.SZ,家电行业,天际股份,9.98,7.43,179406740.0,,4013482618.66,4013482548.8,4.56,,131948,,1,0/0,,Z
20200106,002762.SZ,纺织服装,金发拉比,6.41,9.95,187924767.0,,1218347129.55,2269300301.28,16.02,51955338370.0,135957,145012,2,1/1,1.0,U
20200106,002823.SZ,专用设备,凯中精密,10.42,10.03,54453565.0,,1620062264.5,3015256406.72,3.37,18008469200.0,93000,93000,0,1/1,1.0,U
20200106,002828.SZ,石油行业,贝肯能源,12.98,10.0,363027472.0,,2608223266.0,2637571046.0,14.17,5909794000.0,94527,142239,4,1/1,1.0,U
20200106,002850.SZ,金属制品,科达利,49.11,8.34,489831152.0,,4562227262.52,10313100000.0,10.72,,110312,,9,0/0,,Z
20200106,002972.SZ,专用设备,科安达,26.65,9.99,22218904.0,,1174732000.0,4698928000.0,1.89,170855015500.0,92503,92503,0,6/6,6.0,U
20200106,002973.SZ,公用事业,N侨银,8.27,44.08,1434607.0,,338160300.0,3379618200.0,0.43,128461730740.0,92503,92503,0,1/1,1.0,U
20200106,300035.SZ,机械行业,中科电气,8.64,7.87,469938752.0,,3513874055.04,5534822292.48,13.38,,103427,,3,0/0,,Z
20200106,300036.SZ,软件服务,超图软件,22.81,9.98,78300753.0,,8496538824.78,10253947181.6,0.92,196689763220.0,92503,92503,0,1/1,1.0,U
20200106,300044.SZ,软件服务,赛为智能,7.43,10.07,460297008.0,,3934342850.35,5892655014.72,11.75,10678321700.0,92503,141927,5,1/1,1.0,U
20200106,300058.SZ,文化传媒,蓝色光标,7.16,7.83,2332319968.0,,15591563116.24,17835830934.4,15.37,,111548,,7,1/2,,Z
20200106,300087.SZ,农牧饲渔,荃银高科,12.29,10.03,40659916.0,,4841880165.26,5288756486.56,0.84,160005058540.0,92503,92503,0,2/2,2.0,U
20200106,300088.SZ,电子元件,长信科技,11.92,9.06,3486545920.0,,28543865810.8,28989739048.96,12.44,,133803,,3,0/0,,Z
20200106,300160.SZ,玻璃陶瓷,秀强股份,4.08,7.65,197470154.0,,2371094309.28,2523489857.28,8.44,,130009,,1,0/0,,Z
20200106,300164.SZ,石油行业,通源石油,5.98,9.93,263471188.0,,1916792297.42,2698188916.8,14.19,3086708560.0,143854,144239,1,1/1,1.0,U
20200106,300176.SZ,汽车行业,派生科技,9.98,10.03,353070496.0,,3670603760.64,3865062384.0,9.89,3628548360.0,131442,145327,2,1/1,1.0,U
20200106,300230.SZ,塑胶制品,永利股份,4.75,9.95,52565105.0,,2578810815.0,3876978728.0,2.04,36429469500.0,92503,92503,0,1/1,1.0,U
20200106,300248.SZ,软件服务,新开普,10.03,6.48,730440896.0,,3212536473.07,4825357734.88,22.93,,112918,,1,1/2,,Z
20200106,300259.SZ,仪器仪表,新天科技,5.53,9.94,417630000.0,,4010334847.75,6501388474.56,10.82,49891272900.0,95212,95212,0,2/2,2.0,U
20200106,300264.SZ,软件服务,佳创视讯,6.41,9.95,415377648.0,,2066790690.45,2647971000.0,21.17,35610152460.0,105145,142457,1,3/3,3.0,U
20200106,300278.SZ,机械行业,华昌达,4.69,5.63,206291058.0,,1358749298.76,2800790183.52,15.01,,95315,,1,0/0,,Z
20200106,300320.SZ,塑胶制品,海达股份,5.35,8.08,206527741.0,,2690905346.7,3216602927.2,7.71,,132039,,4,0/0,,Z
20200106,300336.SZ,文化传媒,新文化,5.23,10.11,536819856.0,,3688029006.1,4216583904.16,15.38,40563090270.0,130427,141718,3,1/1,1.0,U
20200106,300428.SZ,有色金属,四通新材,15.51,10.0,81158304.0,,2141143092.0,8970507036.48,3.86,41369745450.0,93854,93854,0,1/1,1.0,U
20200106,300472.SZ,交运设备,新元科技,15.07,10.0,243898928.0,,2462309256.99,3147343338.48,10.12,115591119600.0,105524,133936,1,1/1,1.0,U
20200106,300612.SZ,文化传媒,宣亚国际,19.92,9.99,99093412.0,,903121884.48,3227040000.0,11.22,23024890560.0,94315,94315,0,1/1,1.0,U
20200106,300627.SZ,电子信息,华测导航,25.9,6.23,645492912.0,,2670226933.5,6316492518.0,23.6,,93015,,4,1/2,,Z
20200106,300693.SZ,专用设备,盛弘股份,15.75,5.35,269817168.0,,1109122402.5,2155392681.75,24.14,,101327,,1,2/4,,Z
20200106,300707.SZ,汽车行业,威唐工业,20.05,9.98,530682832.0,,1547743349.1,3151860000.0,35.81,30229104300.0,143657,143657,0,8/11,1.0,U
20200106,300718.SZ,机械行业,长盛轴承,22.43,10.0,87845887.0,,1110285000.0,4441140000.0,8.2,42506106080.0,130527,130709,2,1/1,1.0,U
20200106,300787.SZ,电子元件,海能实业,84.02,-9.99,705897472.0,346694498660.0,1782904400.0,7131617600.0,39.26,44932131580.0,,132118,4,,2.0,D
20200106,300811.SZ,电子元件,铂科新材,55.29,10.01,4314112.0,,796176000.0,3184704000.0,0.54,90419773170.0,92503,92503,0,5/5,5.0,U
20200106,600223.SH,房地产,鲁商发展,10.52,10.04,1355173536.0,,10530183360.0,10530183360.0,14.59,53019895280.0,93342,143414,1,6/11,1.0,U
20200106,600242.SH,软件服务,中昌数据,10.48,9.97,389316784.0,,4324474525.52,4785850457.6,9.06,59103951200.0,92503,93605,2,4/6,3.0,U
20200106,600311.SH,贵金属,荣华实业,4.04,10.08,390509888.0,,2689024000.0,2689024000.0,14.98,9775992000.0,141744,143929,3,1/1,1.0,U
20200106,600313.SH,农牧饲渔,农发种业,3.75,9.97,737654048.0,,3822739151.25,4058244960.0,19.65,32220562500.0,93156,104741,8,3/3,3.0,U
20200106,600316.SH,航天航空,洪都航空,15.8,8.89,1233563280.0,,11330409289.6,11330409289.6,11.08,,135028,,5,1/2,,Z
20200106,600330.SH,电子元件,天通股份,8.65,10.05,411763536.0,,8620293564.5,8620293547.2,4.9,57199119750.0,94723,94723,0,1/1,1.0,U
20200106,600354.SH,农牧饲渔,敦煌种业,6.4,9.97,685230080.0,,3377933312.0,3377933312.0,20.99,1068019200.0,145058,145058,0,2/2,2.0,U
20200106,600373.SH,文化传媒,中文传媒,16.01,10.03,690689184.0,,21694570141.19,21694570029.12,3.26,1399274000.0,130349,145644,10,1/1,1.0,U
20200106,600480.SH,塑胶制品,凌云股份,8.62,9.95,42912584.0,,4700741626.1,4727903806.4,0.91,73999614040.0,92504,92504,0,1/1,1.0,U
20200106,600513.SH,医药制造,联环药业,8.93,9.98,419337504.0,,2549124491.1,2572781007.68,16.83,3761673200.0,94942,143853,5,3/4,1.0,U
20200106,600538.SH,农药兽药,国发股份,5.06,0.0,123468651.0,,2349869996.1,2349869991.04,4.94,,92503,,3,0/0,,Z
20200106,600546.SH,煤炭采选,山煤国际,8.32,10.05,380043888.0,,16494035084.8,16494035118.08,2.42,15687609600.0,143853,143853,0,1/1,1.0,U
20200106,600679.SH,文教休闲,上海凤凰,14.1,9.98,103800996.0,,3251445152.7,5671005110.4,3.24,18391758000.0,102941,102941,0,1/1,1.0,U
20200106,600766.SH,贵金属,园城黄金,8.58,10.0,320245840.0,,1921337177.76,1923866132.76,17.29,399313200.0,150023,150023,0,1/1,1.0,U
20200106,600883.SH,水泥建材,博闻科技,9.15,9.98,110312374.0,,2160205200.0,2160205200.0,5.22,2338163550.0,102448,145526,17,1/1,1.0,U
20200106,600966.SH,造纸印刷,博汇纸业,5.95,8.18,520610528.0,,7954223513.6,7954223513.6,6.59,,93009,,1,2/4,,Z
20200106,600981.SH,国际贸易,汇鸿集团,4.2,9.95,217337923.0,,3069579160.2,9418219440.0,7.22,18839100000.0,112239,145446,4,1/1,1.0,U
20200106,600988.SH,贵金属,赤峰黄金,5.79,10.08,984889184.0,,8258748861.84,9004430687.04,12.34,3723902190.0,145613,145613,0,1/1,1.0,U
20200106,601375.SH,券商信托,中原证券,6.04,8.05,1190115712.0,,16149182428.0,23369187052.16,7.45,,110342,,3,0/0,,Z
20200106,601689.SH,汽车行业,拓普集团,20.26,9.99,646726288.0,,21241219981.66,21374051693.44,3.07,8431908100.0,92500,144410,10,1/1,1.0,U
20200106,603005.SH,电子元件,晶方科技,50.46,10.01,1217844192.0,,11589625299.3,11589625299.3,10.72,43392168720.0,94238,141958,7,2/3,1.0,U
20200106,603009.SH,汽车行业,北特科技,6.93,10.0,135474779.0,,2273326853.49,2487884968.8,6.2,16838167500.0,130812,130812,0,1/1,1.0,U
20200106,603037.SH,汽车行业,凯众股份,21.49,8.26,204494997.0,,1340262059.22,2274151313.0,15.42,,130013,,1,0/0,,Z
20200106,603053.SH,公用事业,成都燃气,22.44,10.0,649618704.0,,1994691600.0,19946691600.0,34.28,73433822880.0,133621,133621,0,1/1,1.0,U
20200106,603131.SH,机械行业,上海沪工,15.11,7.47,108129564.0,,1057700000.0,4804591008.16,10.24,,95947,,1,0/0,,Z
20200106,603305.SH,汽车行业,旭升股份,38.43,9.99,613224720.0,,2431309267.17,15395150846.88,25.41,35801388000.0,93012,112016,14,1/1,1.0,U
20200106,603348.SH,汽车行业,文灿股份,26.68,10.02,429186368.0,,1894602988.08,5896602988.08,23.16,40697165080.0,94553,102650,1,3/5,1.0,U
20200106,603366.SH,家电行业,日出东方,7.6,9.83,762807008.0,,6080000000.0,6080000000.0,13.01,,104345,,14,4/5,,Z
20200106,603389.SH,木业家具,亚振家居,6.57,10.05,15759985.0,,1726280640.0,1726280640.0,0.91,17858705400.0,92504,92504,0,1/1,1.0,U
20200106,603444.SH,软件服务,吉比特,337.03,10.0,894974752.0,,24144913794.53,24226466291.75,3.79,2711069320.0,105818,142322,9,1/1,1.0,U
20200106,603536.SH,食品饮料,惠发食品,20.07,-10.0,9356634.0,9356634000.0,1209299124.69,3371760000.0,0.77,578458964970.0,,92504,0,,2.0,D
20200106,603598.SH,文化传媒,引力传媒,22.62,10.02,908260656.0,,6059058798.0,6121492440.96,15.65,16422120000.0,112902,144733,11,9/12,3.0,U
20200106,603619.SH,石油行业,中曼石油,17.09,9.97,445709392.0,,2449366383.26,6836001640.64,18.45,23049778610.0,94353,100759,7,2/2,2.0,U
20200106,603825.SH,文化传媒,华扬联众,25.76,9.99,300629024.0,,2441662965.28,5951121464.96,12.79,37769337760.0,94117,94811,1,6/8,3.0,U
20200106,603879.SH,化工行业,永悦科技,12.79,9.97,146643701.0,,1435191480.0,2563269480.0,10.57,2169951400.0,135521,144231,12,1/1,1.0,U
20200106,603920.SH,电子元件,世运电路,25.41,10.0,56005241.0,,3331820641.38,10409745192.0,1.68,141776035170.0,92503,92503,0,4/7,3.0,U
20200107,000700.SZ,汽车行业,模塑科技,4.65,9.93,59986730.0,,3335031842.85,3846395481.6,1.81,36077025000.0,93003,93003,0,1/1,1.0,U
20200107,000717.SZ,钢铁行业,韶钢松山,5.07,9.98,788956240.0,,12266988758.7,12266988789.12,6.65,29202611880.0,140657,144542,3,1/1,1.0,U
20200107,000797.SZ,房地产,中国武夷,3.81,10.12,39887205.0,,5952949252.32,5987471205.12,0.69,25871557350.0,94003,94003,0,1/1,1.0,U
20200107,000810.SZ,通讯行业,创维数字,15.43,9.98,553821808.0,,15149946286.93,16329314960.48,3.87,59344921820.0,112742,112857,1,2/4,1.0,U
20200107,000821.SZ,机械行业,京山轻机,7.79,10.03,445469152.0,,3520419509.27,4192852831.2,13.07,16543389300.0,93645,131500,2,2/2,2.0,U
20200107,000862.SZ,电力行业,银星能源,5.51,6.58,314741808.0,,2762454423.9,3890715645.92,11.28,,94157,,1,0/0,,Z
20200107,000892.SZ,文化传媒,欢瑞世纪,7.02,10.03,326908528.0,,3777997036.32,6886482969.6,8.67,16199962740.0,93006,105136,5,3/3,3.0,U
20200107,000997.SZ,电子信息,新 大 陆,18.43,10.03,1161791152.0,,18550354461.08,19239440292.16,6.51,48805791530.0,134121,134121,0,1/1,1.0,U
20200107,002041.SZ,农牧饲渔,登海种业,13.34,9.98,1186475600.0,,11630019983.94,11739200000.0,10.99,47743539840.0,112912,145236,4,4/5,3.0,U
20200107,002085.SZ,汽车行业,万丰奥威,7.59,4.12,310832192.0,,16043252505.72,16598416771.2,1.9,,94551,,1,0/0,,Z
20200107,002160.SZ,有色金属,常铝股份,3.78,9.88,14586029.0,,2579561041.68,3007299899.52,0.57,46884330360.0,92503,92503,0,2/2,2.0,U
20200107,002213.SZ,汽车行业,特 尔 佳,13.7,10.04,121842138.0,,2822200000.0,2822200000.0,4.41,3919433000.0,112648,135206,3,1/1,1.0,U
20200107,002218.SZ,电子元件,拓日新能,3.38,10.1,327120992.0,,4109124572.02,4178836338.56,8.02,57889922480.0,93254,130000,4,1/1,1.0,U
20200107,002239.SZ,汽车行业,奥特佳,2.16,10.2,304011536.0,,6679331895.6,6763736355.84,4.7,48998595600.0,93624,93624,0,2/2,2.0,U
20200107,002288.SZ,电子元件,超华科技,5.52,7.39,612261024.0,,4180918639.44,5142673466.88,14.82,,132454,,1,0/0,,Z
20200107,002291.SZ,纺织服装,星期六,23.4,-0.43,1899880272.0,,9334772343.0,17280597859.2,19.85,,135330,,1,12/17,,Z
20200107,002292.SZ,文化传媒,奥飞娱乐,10.56,7.1,607613968.0,,8590564319.04,14331604531.2,7.06,,130536,,3,0/0,,Z
20200107,002309.SZ,输配电气,中利集团,6.92,10.02,109993788.0,,4819776636.88,6032766538.24,2.38,19460230240.0,111500,111500,0,1/1,1.0,U
20200107,002343.SZ,文化传媒,慈文传媒,14.84,10.01,558346432.0,,5971470716.4,7048253251.2,9.5,45424052800.0,93939,100939,5,2/2,2.0,U
20200107,002385.SZ,农牧饲渔,大北农,7.29,9.95,66723095.0,,20277453580.29,30583951967.52,0.33,876018975480.0,92503,92503,0,6/6,6.0,U
20200107,002389.SZ,电子元件,航天彩虹,14.01,9.97,899330144.0,,8359564163.22,13254338258.88,11.07,20017712160.0,102448,105612,4,2/2,2.0,U
20200107,002411.SZ,医药制造,延安必康,17.35,7.3,1032446032.0,,24749007522.75,26585125734.4,4.29,,131457,,1,0/0,,Z
20200107,002425.SZ,文化传媒,凯撒文化,6.68,10.05,568030784.0,,5434810805.76,5435812805.76,10.89,58529846040.0,130000,130000,0,1/1,1.0,U
20200107,002441.SZ,输配电气,众业达,9.26,9.98,209479348.0,,3648443916.98,5045278701.12,5.79,41118567000.0,93103,93315,1,2/2,2.0,U
20200107,002458.SZ,农牧饲渔,益生股份,31.77,10.01,1837997984.0,,11357076441.24,18300765892.32,16.79,61865466840.0,112236,145445,1,1/1,1.0,U
20200107,002510.SZ,汽车行业,天汽模,5.97,9.94,558704608.0,,4697976141.69,5497481281.92,11.99,62129193000.0,93033,93606,3,2/2,2.0,U
20200107,002516.SZ,纺织服装,旷达科技,3.05,10.11,89970669.0,,2862489931.45,4486057998.4,3.25,30126448200.0,132424,132424,0,1/1,1.0,U
20200107,002524.SZ,公用事业,光正集团,11.99,10.0,579147264.0,,5805884068.05,6183597712.16,10.2,35669015030.0,100224,102112,4,1/1,1.0,U
20200107,002605.SZ,文教休闲,姚记科技,25.01,9.98,336830784.0,,6745017178.1,9989333735.84,5.12,8186748390.0,130809,144739,1,1/1,1.0,U
20200107,002610.SZ,金属制品,爱康科技,1.8,9.76,243214227.0,,7896684954.6,8080417382.4,3.08,51948509400.0,92503,92503,0,1/1,1.0,U
20200107,002623.SZ,玻璃陶瓷,亚玛顿,29.21,10.02,72549612.0,,4661145586.25,4673600000.0,1.56,43354241460.0,93000,93000,0,7/14,2.0,U
20200107,002666.SZ,汽车行业,德联集团,5.42,6.48,399612496.0,,2407455318.16,4088464610.88,16.65,,110918,,4,0/0,,Z
20200107,002683.SZ,化工行业,宏大爆破,20.5,9.98,743741088.0,,12452920795.5,14495733352.0,6.16,9888646500.0,134612,145300,2,1/1,1.0,U
20200107,002688.SZ,农牧饲渔,金河生物,7.49,9.99,372321760.0,,4668350220.17,4758319463.52,8.14,12334854070.0,110633,140618,16,1/1,1.0,U
20200107,002723.SZ,家电行业,金莱特,10.78,10.0,59830117.0,,1871462708.5,2068143000.0,3.22,13475000000.0,93133,93727,1,1/1,1.0,U
20200107,002762.SZ,纺织服装,金发拉比,6.7,4.52,205610905.0,,1273467358.5,2371967553.6,15.44,,93003,,3,1/2,,Z
20200107,002823.SZ,专用设备,凯中精密,10.99,5.47,321288368.0,,1708683712.75,3180198455.84,18.34,,92503,,2,1/2,,Z
20200107,002866.SZ,电子元件,传艺科技,15.77,5.56,323136800.0,,1271462400.3,3907417900.3,25.34,,105800,,1,0/0,,Z
20200107,002925.SZ,电子元件,盈趣科技,52.67,10.0,628710512.0,,8739288605.86,24129622828.0,7.45,15223736800.0,141718,144439,2,1/1,1.0,U
20200107,002972.SZ,专用设备,科安达,29.32,10.02,801529616.0,,1292425600.0,5169702400.0,63.74,12267282760.0,142127,142127,0,7/7,7.0,U
20200107,002973.SZ,公用事业,侨银环保,9.1,10.04,404249.0,,372099000.0,3718806000.0,0.11,102437580700.0,92503,92503,0,2/2,2.0,U
20200107,300027.SZ,文化传媒,华谊兄弟,5.14,7.53,593313264.0,,11366925946.88,14330113988.8,5.29,,103648,,1,0/0,,Z
20200107,300043.SZ,文教休闲,星辉娱乐,6.33,8.39,719912368.0,,5791079118.6,7875775872.0,12.62,,100706,,2,0/0,,Z
20200107,300063.SZ,化工行业,天龙集团,3.99,9.92,332155888.0,,2321844504.84,2988517788.48,14.44,5930456700.0,93424,145627,10,2/4,1.0,U
20200107,300081.SZ,电子信息,恒信东方,12.25,7.55,568323536.0,,4432577154.25,6482183932.0,13.02,,112848,,3,0/0,,Z
20200107,300087.SZ,农牧饲渔,荃银高科,13.52,10.01,41639599.0,,5326462150.88,5818062465.28,0.78,162665176960.0,92503,92503,0,3/3,3.0,U
20200107,300118.SZ,输配电气,东方日升,15.5,10.01,904154848.0,,10784388035.0,13971079008.0,8.5,72953183500.0,92503,112809,1,1/1,1.0,U
20200107,300130.SZ,电子信息,新国都,20.14,9.99,636383696.0,,6875500244.1,9760440144.0,9.65,30564041060.0,134445,134445,0,1/1,1.0,U
20200107,300182.SZ,软件服务,捷成股份,4.32,9.92,551309168.0,,7737262590.24,11123830656.0,7.44,98347037760.0,130003,130003,0,1/1,1.0,U
20200107,300230.SZ,塑胶制品,永利股份,5.23,10.11,37266030.0,,2839406434.2,4268757631.04,1.31,60563734720.0,92503,92503,0,2/2,2.0,U
20200107,300242.SZ,软件服务,佳云科技,4.68,7.34,254211741.0,,2715271893.36,2969718485.76,9.41,,130445,,2,0/0,,Z
20200107,300264.SZ,软件服务,佳创视讯,7.05,9.98,402715360.0,,2273147327.25,2912355000.0,18.63,21233168850.0,103921,110548,1,4/4,4.0,U
20200107,300269.SZ,电子元件,联建光电,5.46,10.08,18225485.0,,2223296772.06,3230069519.04,0.82,27006246540.0,92503,92503,0,1/1,1.0,U
20200107,300315.SZ,电子信息,掌趣科技,7.11,10.06,1421944880.0,,18488639665.71,19605712605.12,7.92,25260393780.0,142709,143912,1,1/1,1.0,U
20200107,300336.SZ,文化传媒,新文化,5.75,9.94,105432195.0,,4054716402.5,4635823604.0,2.6,88813729500.0,92503,92503,0,2/2,2.0,U
20200107,300348.SZ,软件服务,长亮科技,24.77,8.07,1289450912.0,,8552723197.35,11934440437.44,15.42,,140309,,2,0/0,,Z
20200107,300386.SZ,软件服务,飞天诚信,17.91,10.01,487597984.0,,3926778246.0,7487168040.0,12.86,41192408970.0,103700,105245,3,1/1,1.0,U
20200107,300391.SZ,机械行业,康跃科技,8.0,10.04,4409992.0,,2612531112.0,2802688896.0,0.17,78627608000.0,92503,92503,0,1/1,1.0,U
20200107,300397.SZ,电子信息,天和防务,37.57,10.01,738960064.0,,5801961399.0,9016800000.0,13.27,24578294000.0,141742,142048,2,1/1,1.0,U
20200107,300426.SZ,文化传媒,唐德影视,7.04,10.0,131529964.0,,1738128902.4,2962256056.32,7.8,27138496000.0,103212,103557,1,1/1,1.0,U
20200107,300459.SZ,文化传媒,金科文化,3.77,9.91,693285536.0,,8553086822.15,13359161121.28,8.38,35201089430.0,130148,134024,4,1/1,1.0,U
20200107,300465.SZ,软件服务,高伟达,12.34,9.98,618454000.0,,5513046251.38,5513362143.04,11.44,49961587340.0,95333,101039,3,1/1,1.0,U
20200107,300472.SZ,交运设备,新元科技,16.58,10.02,220792062.0,,2709030357.06,3462704217.12,8.31,35133384760.0,93751,101151,2,2/2,2.0,U
20200107,300489.SZ,金属制品,中飞股份,21.69,5.19,92450246.0,,1551716177.94,1968367500.0,5.84,,93427,,1,0/0,,Z
20200107,300545.SZ,电子元件,联得装备,29.28,7.14,247916695.0,,2099188959.36,4218881180.16,11.72,,95130,,2,0/0,,Z
20200107,300591.SZ,纺织服装,万里马,6.48,10.02,61548799.0,,741312000.0,2021760000.0,8.54,28266991200.0,95048,95048,0,1/1,1.0,U
20200107,300624.SZ,软件服务,万兴科技,75.79,10.0,407979744.0,,3774088861.4,6171390225.0,11.17,18500339000.0,143842,143842,0,1/1,1.0,U
20200107,300627.SZ,电子信息,华测导航,27.3,5.41,816783008.0,,2814563524.5,6657924546.0,29.44,,105515,,2,0/0,,Z
20200107,300662.SZ,文教休闲,科锐国际,35.86,10.0,264446123.0,,3249193018.5,6454800000.0,8.39,4668972000.0,130245,145457,4,1/1,1.0,U
20200107,300674.SZ,软件服务,宇信科技,30.39,9.99,178328850.0,,8390652864.6,12156303900.0,2.13,62288407650.0,92503,93406,2,1/1,1.0,U
20200107,300677.SZ,医疗行业,英科医疗,21.15,9.98,140029328.0,,2396998322.1,4194024146.1,6.01,16692722100.0,101142,101924,1,1/1,1.0,U
20200107,300718.SZ,机械行业,长盛轴承,24.67,9.99,311367568.0,,1221165000.0,4884660000.0,26.43,66308272700.0,143115,143418,2,2/2,2.0,U
20200107,300724.SZ,专用设备,捷佳伟创,50.93,10.0,501300240.0,,8658196155.84,16297600000.0,5.91,45167117710.0,110545,110545,0,1/1,1.0,U
20200107,300751.SZ,专用设备,迈为股份,170.27,10.0,413263168.0,,4924019059.76,8854040000.0,8.66,42239730250.0,130100,132109,1,1/1,1.0,U
20200107,300803.SZ,软件服务,指南针,47.18,10.0,1165875440.0,,2684542000.0,19107900000.0,44.22,58885310820.0,94257,134848,9,1/1,1.0,U
20200107,300807.SZ,专用设备,天迈科技,67.01,6.53,648192064.0,,1139170000.0,4546695510.0,58.72,,143754,,1,11/13,,Z
20200107,300811.SZ,电子元件,铂科新材,60.82,10.0,2736900.0,,875808000.0,3503232000.0,0.31,84290438000.0,92503,92503,0,6/6,6.0,U
20200107,600052.SH,房地产,浙江广厦,5.03,10.07,150265261.0,,4385099132.76,4385099112.64,3.51,34919769000.0,101453,101453,0,1/1,1.0,U
20200107,600053.SH,多元金融,九鼎投资,31.54,6.37,881227616.0,,13673876832.0,13673876832.0,6.4,,95856,,5,4/6,,Z
20200107,600070.SH,纺织服装,浙江富润,11.28,10.05,175411245.0,,4978406116.8,5887552143.36,3.56,69935075040.0,93255,93331,1,1/1,1.0,U
20200107,600122.SH,商业百货,宏图高科,3.0,9.89,165129048.0,,3474775050.0,3474775056.0,4.95,58838133000.0,134803,134803,0,1/1,1.0,U
20200107,600223.SH,房地产,鲁商发展,10.37,-1.43,1805436352.0,,10380038160.0,10380038160.0,16.02,,94250,,8,6/12,,Z
20200107,600229.SH,文化传媒,城市传媒,8.46,10.01,258282336.0,,5939732244.6,5939732295.36,4.52,4328863560.0,142659,145341,5,1/1,1.0,U
20200107,600373.SH,文化传媒,中文传媒,17.61,9.99,802578512.0,,23862672091.59,23862671968.32,3.47,4910055420.0,132057,145221,4,2/2,2.0,U
20200107,600397.SH,煤炭采选,安源煤业,3.09,9.96,102746199.0,,3058976035.38,3058976053.92,3.46,22822122000.0,94140,94140,0,1/1,1.0,U
20200107,600455.SH,软件服务,博通股份,39.82,10.0,194657294.0,,2487077560.0,2487077560.0,7.92,54313603960.0,100307,100855,2,1/1,1.0,U
20200107,600480.SH,塑胶制品,凌云股份,9.48,9.98,615230112.0,,5169725129.4,5199597225.6,12.08,7590958320.0,92503,144019,4,2/2,2.0,U
20200107,600499.SH,机械行业,科达洁能,4.98,8.03,225044181.0,,7029092323.56,7854484366.08,3.22,,93325,,1,0/0,,Z
20200107,600537.SH,电子元件,亿晶光电,3.51,10.03,160338691.0,,4129021030.68,4129021016.64,4.0,4654252980.0,132712,145033,7,1/1,1.0,U
20200107,600546.SH,煤炭采选,山煤国际,9.15,9.98,64104982.0,,18139473681.0,18139473717.6,0.35,112904512650.0,92503,92503,0,2/2,2.0,U
20200107,600695.SH,多元金融,绿庭投资,9.4,7.18,848329056.0,,3444791228.8,6684641702.4,25.25,,143209,,1,0/0,,Z
20200107,600792.SH,煤炭采选,云煤能源,3.81,8.86,191876076.0,,3771608916.0,3771608916.0,5.11,,94510,,1,0/0,,Z
20200107,600831.SH,文化传媒,广电网络,10.55,10.01,781267120.0,,7478323485.4,7478323443.2,10.82,49586382050.0,140741,142217,7,1/1,1.0,U
20200107,600882.SH,食品饮料,妙可蓝多,16.24,10.03,89523549.0,,6593538170.8,6647958329.6,1.37,36447838000.0,93740,93831,1,1/1,1.0,U
20200107,600965.SH,农牧饲渔,福成股份,8.78,10.03,233228603.0,,7188194384.9,7188194428.8,3.33,9003661720.0,95650,111350,12,2/3,1.0,U
20200107,601990.SH,券商信托,南京证券,13.19,5.35,3740854576.0,,27184436639.87,43511480751.52,14.12,,143257,,1,0/0,,Z
20200107,603005.SH,电子元件,晶方科技,55.51,10.01,739826048.0,,12749506547.05,12749506547.05,5.84,77674976470.0,93252,95555,7,3/4,2.0,U
20200107,603028.SH,金属制品,赛福天,12.94,10.03,93350215.0,,2857152000.0,2857152000.0,3.33,5588850700.0,110728,140617,2,1/1,1.0,U
20200107,603037.SH,汽车行业,凯众股份,23.64,10.0,282890864.0,,1474350631.92,2501672268.0,19.7,5223730800.0,111711,144855,3,1/1,1.0,U
20200107,603050.SH,输配电气,科林电气,13.0,9.98,129499953.0,,1055614300.0,2108918500.0,12.47,12936300000.0,94029,102038,2,1/1,1.0,U
20200107,603159.SH,专用设备,上海亚虹,12.97,10.01,61748198.0,,1815800000.0,1815800000.0,3.45,10424507800.0,130002,130950,2,1/1,1.0,U
20200107,603189.SH,软件服务,网达软件,20.9,10.0,290388928.0,,4614720000.0,4614720000.0,6.64,37904240000.0,103756,103756,0,2/4,1.0,U
20200107,603232.SH,软件服务,格尔软件,36.8,10.01,212203516.0,,2673939520.0,4462662400.0,8.3,21524209600.0,141845,141845,0,1/1,1.0,U
20200107,603305.SH,汽车行业,旭升股份,41.0,6.69,821138976.0,,2593902679.0,16424699056.0,31.74,,135737,,1,1/2,,Z
20200107,603366.SH,家电行业,日出东方,7.9,3.95,891804784.0,,6320000000.0,6320000000.0,14.51,,131014,,9,4/6,,Z
20200107,603396.SH,专用设备,金辰股份,26.21,9.99,231764838.0,,1158399228.82,2772476344.14,20.1,26570282660.0,93001,105022,5,1/1,1.0,U
20200107,603516.SH,安防设备,淳中科技,44.67,10.0,205257060.0,,3943314828.6,5850223524.6,5.35,37681825200.0,130002,130002,0,1/1,1.0,U
20200107,603536.SH,食品饮料,惠发食品,18.06,-10.01,21115752.0,21115752000.0,1088188450.02,3034080000.0,1.94,227670211440.0,,92503,0,,3.0,D
20200107,603721.SH,文化传媒,中广天择,32.49,1.82,446999952.0,,1999757128.23,4223700000.0,21.66,,134645,,1,2/4,,Z
20200107,603738.SH,电子元件,泰晶科技,26.66,9.98,461909920.0,,4455193016.56,4455193016.56,10.85,34385428160.0,105523,105523,0,2/4,1.0,U
20200107,603920.SH,电子元件,世运电路,27.95,10.0,630405376.0,,3664871583.1,11450310040.0,17.2,120207360000.0,92502,93325,1,5/8,4.0,U
20200108,000510.SZ,化工行业,新金路,4.72,10.02,95274787.0,,2593541621.04,2875340248.32,3.68,45011260480.0,93003,93003,0,1/1,1.0,U
20200108,000519.SZ,机械行业,中兵红箭,9.21,10.04,1328372544.0,,8589684036.81,12825468168.96,15.9,43105139340.0,134457,142245,5,1/1,1.0,U
20200108,000559.SZ,汽车行业,万向钱潮,6.38,10.0,453799520.0,,17565093006.12,17565157329.28,2.62,10173528860.0,100303,143048,10,1/1,1.0,U
20200108,000700.SZ,汽车行业,模塑科技,5.12,10.11,148988469.0,,3672121082.88,4235170938.88,4.07,42268354560.0,93106,93106,0,2/2,2.0,U
20200108,000711.SZ,园林工程,京蓝科技,5.61,-1.58,315469616.0,,4392245125.95,5742776492.64,6.93,,93254,,1,0/0,,Z
20200108,000887.SZ,塑胶制品,中鼎股份,10.92,9.97,749175648.0,,13301663182.08,13331364708.48,5.74,12808668600.0,111203,142506,5,1/1,1.0,U
20200108,000997.SZ,电子信息,新 大 陆,19.75,7.16,2902751200.0,,19878974531.0,20617414312.0,14.56,,100127,,4,1/2,,Z
20200108,002098.SZ,化纤行业,浔兴股份,7.53,5.91,220656832.0,,2695740000.0,2695740000.0,8.36,,142942,,1,0/0,,Z
20200108,002160.SZ,有色金属,常铝股份,4.16,10.05,241566708.0,,2838881992.96,3309621053.44,8.51,35776249600.0,92503,133103,1,3/3,3.0,U
20200108,002182.SZ,有色金属,云海金属,11.24,7.66,1096772000.0,,5499928924.8,7265789394.56,20.18,,104824,,3,0/0,,Z
20200108,002227.SZ,输配电气,奥 特 迅,13.01,9.97,137544804.0,,2866188709.88,2869972174.0,4.91,18759418230.0,101227,103815,1,1/1,1.0,U
20200108,002239.SZ,汽车行业,奥特佳,2.38,10.19,451197328.0,,7359634218.3,7452635429.12,6.18,47892720960.0,92503,94139,2,3/3,3.0,U
20200108,002261.SZ,软件服务,拓维信息,10.07,10.05,1612892512.0,,8853273882.32,11084722481.6,19.23,82325271000.0,142830,142830,0,1/1,1.0,U
20200108,002284.SZ,汽车行业,亚太股份,5.62,4.46,241314375.0,,3855448355.18,4145352464.0,6.14,,94751,,1,0/0,,Z
20200108,002385.SZ,农牧饲渔,大北农,8.02,10.01,1745797872.0,,22307980482.02,33646542493.76,7.83,,92503,,1,6/7,,Z
20200108,002389.SZ,电子元件,航天彩虹,15.12,7.92,1709387552.0,,9021885092.64,14304467842.56,19.05,,94003,,13,2/3,,Z
20200108,002441.SZ,输配电气,众业达,9.8,5.83,791374656.0,,3861204145.4,5339495817.6,20.42,,105603,,4,2/3,,Z
20200108,002510.SZ,汽车行业,天汽模,6.57,10.05,119318663.0,,5170134547.89,6049991963.52,2.31,99153546480.0,92503,92503,0,4/8,3.0,U
20200108,002518.SZ,输配电气,科士达,12.36,3.78,438704240.0,,6898902627.48,7199025045.12,6.3,,105524,,1,0/0,,Z
20200108,002535.SZ,机械行业,林州重机,3.27,10.1,25975127.0,,1861623272.31,2621503645.44,1.4,80692272720.0,92503,92503,0,1/1,1.0,U
20200108,002605.SZ,文教休闲,姚记科技,27.51,10.0,473771984.0,,7419249203.1,10987867695.84,6.58,7691906040.0,112439,142530,1,2/2,2.0,U
20200108,002623.SZ,玻璃陶瓷,亚玛顿,29.8,2.02,570471952.0,,4755294025.0,4768000000.0,11.53,,92503,,2,3/5,,Z
20200108,002703.SZ,汽车行业,浙江世宝,5.35,10.08,76124272.0,,2958902843.2,4224598824.0,2.65,33697879150.0,95154,95154,0,1/1,1.0,U
20200108,002759.SZ,家电行业,天际股份,10.82,9.96,308037792.0,,4351290774.94,4351290699.2,7.35,2680114000.0,144400,145554,5,1/1,1.0,U
20200108,002973.SZ,公用事业,侨银环保,10.01,10.0,556505.0,,409308900.0,4090686600.0,0.14,98744696050.0,92503,92503,0,3/3,3.0,U
20200108,300036.SZ,软件服务,超图软件,25.62,6.04,1320227408.0,,9543240889.56,11517147163.2,13.81,,102336,,1,0/0,,Z
20200108,300063.SZ,化工行业,天龙集团,4.39,10.03,239672170.0,,2554610871.24,3288118569.28,9.96,37640729220.0,95230,95230,0,3/5,2.0,U
20200108,300087.SZ,农牧饲渔,荃银高科,14.87,9.99,997380560.0,,5858320427.78,6399008051.68,17.03,51563360700.0,92503,132045,1,4/4,4.0,U
20200108,300100.SZ,汽车行业,双林股份,6.82,10.0,227819830.0,,2598964733.86,3113784375.68,8.97,9003082000.0,110545,140127,3,1/1,1.0,U
20200108,300118.SZ,输配电气,东方日升,17.05,10.0,1892090864.0,,11862826838.5,15368186908.8,16.04,7036364500.0,93121,144218,13,2/2,2.0,U
20200108,300130.SZ,电子信息,新国都,21.25,5.51,1176305792.0,,7254437943.75,10298379000.0,16.18,,100221,,2,1/2,,Z
20200108,300182.SZ,软件服务,捷成股份,4.6,6.48,1334883568.0,,8238751832.2,11844819680.0,16.46,,140503,,2,1/2,,Z
20200108,300219.SZ,电子元件,鸿利智汇,7.83,9.97,193818707.0,,4747864791.24,5568547292.64,4.11,8305672500.0,93021,145451,3,1/1,1.0,U
20200108,300264.SZ,软件服务,佳创视讯,6.69,-5.11,752353296.0,,2157071719.05,2763639000.0,31.78,,94657,,2,4/5,,Z
20200108,300269.SZ,电子元件,联建光电,6.01,10.07,341292128.0,,2447255238.11,3555442822.24,14.47,17897004710.0,103618,103618,0,2/2,2.0,U
20200108,300323.SZ,电子元件,华灿光电,8.03,6.22,501583072.0,,6680806418.22,8770056234.72,7.62,,112624,,1,0/0,,Z
20200108,300391.SZ,机械行业,康跃科技,8.8,10.0,26837580.0,,2873784223.2,3082957785.6,0.93,73380340000.0,92503,92503,0,2/2,2.0,U
20200108,300420.SZ,机械行业,五洋停车,6.06,6.32,377990384.0,,2843326190.46,4336720805.76,13.25,,110945,,1,0/0,,Z
20200108,300428.SZ,有色金属,四通新材,18.02,10.01,477727712.0,,2487646584.0,10422213848.96,19.67,4557978800.0,100900,145651,5,2/3,1.0,U
20200108,300462.SZ,交运设备,华铭智能,28.08,9.99,45486792.0,,2172616992.0,5286481902.0,2.09,58819176000.0,92503,92503,0,1/1,1.0,U
20200108,300465.SZ,软件服务,高伟达,13.57,9.97,491398112.0,,6062563827.49,6062911205.92,8.31,85408955780.0,94133,94133,0,2/2,2.0,U
20200108,300527.SZ,专用设备,中国应急,12.6,10.04,701312736.0,,11513982249.0,11513982211.2,6.27,18394273800.0,143933,143933,0,1/1,1.0,U
20200108,300545.SZ,电子元件,联得装备,32.21,10.01,369119264.0,,2309251242.52,4641057473.12,16.33,15773237000.0,102609,142348,4,1/1,1.0,U
20200108,300559.SZ,软件服务,佳发教育,33.73,10.01,400454720.0,,5417325750.63,8984103386.35,7.57,7980180700.0,110442,145242,9,1/1,1.0,U
20200108,300629.SZ,金属制品,新劲刚,20.94,9.98,107717195.0,,911619591.48,2539095886.62,12.1,23045517000.0,95933,103757,1,1/1,1.0,U
20200108,300648.SZ,仪器仪表,星云股份,18.06,9.99,75597458.0,,1084346564.28,2445324000.0,7.11,32463066720.0,94633,94633,0,1/1,1.0,U
20200108,300674.SZ,软件服务,宇信科技,33.43,10.0,209529347.0,,9229994250.2,13372334300.0,2.29,38917333920.0,93233,93233,0,2/2,2.0,U
20200108,300707.SZ,汽车行业,威唐工业,21.35,9.99,388348160.0,,1648095785.7,3356220000.0,24.22,42249152050.0,94030,94030,0,9/13,1.0,U
20200108,300775.SZ,航天航空,三角防务,40.55,10.01,773479648.0,,2009252500.0,20092525000.0,39.56,57771057850.0,144512,144512,0,1/1,1.0,U
20200108,300811.SZ,电子元件,铂科新材,66.9,10.0,3082952.0,,963360000.0,3853440000.0,0.32,239028147300.0,92503,92503,0,7/7,7.0,U
20200108,600114.SH,金属制品,东睦股份,10.22,10.01,950644496.0,,6235851112.54,6300528127.04,15.62,33575030160.0,101621,142647,4,1/1,1.0,U
20200108,600139.SH,多元金融,西部资源,4.02,10.14,277588224.0,,2660799842.16,2660799858.24,10.98,33520488600.0,141918,143633,1,1/1,1.0,U
20200108,600223.SH,房地产,鲁商发展,9.33,-10.03,1350256912.0,86169622140.0,9339031440.0,9339031440.0,13.99,8147972970.0,,145632,4,,1.0,D
20200108,600242.SH,软件服务,中昌数据,9.22,-9.96,663296848.0,57953232000.0,3804547244.78,4210452406.4,17.02,14950239220.0,,144403,4,,1.0,D
20200108,600311.SH,贵金属,荣华实业,4.36,10.1,533749056.0,,2902016000.0,2902016000.0,18.92,5792696000.0,145129,145129,0,2/3,1.0,U
20200108,600405.SH,电子元件,动力源,5.45,10.1,128040403.0,,3015351191.6,3051689044.8,4.4,38469391800.0,100950,100950,0,1/1,1.0,U
20200108,600455.SH,软件服务,博通股份,43.8,9.99,160645948.0,,2735660400.0,2735660400.0,6.0,108938308800.0,93538,93538,0,2/2,2.0,U
20200108,600469.SH,汽车行业,风神股份,5.61,10.0,207099478.0,,3155138175.42,3155138141.76,6.66,2241756000.0,102105,143503,8,1/1,1.0,U
20200108,600546.SH,煤炭采选,山煤国际,10.07,10.05,98158080.0,,19963333329.8,19963333370.08,0.49,255612852000.0,92505,92505,0,3/3,3.0,U
20200108,600685.SH,船舶制造,中船防务,16.74,9.99,434667968.0,,13750824929.94,23662096868.16,3.33,,144755,,1,0/0,,Z
20200108,600699.SH,汽车行业,均胜电子,21.8,8.95,1757882544.0,,26972334817.0,26972334969.6,6.63,,111906,,2,0/0,,Z
20200108,600766.SH,贵金属,园城黄金,9.2,10.05,421125200.0,,2060175062.4,2062886762.4,21.13,7843000000.0,145522,145522,0,2/3,1.0,U
20200108,600988.SH,贵金属,赤峰黄金,6.47,10.03,1661806576.0,,9228688279.12,10061945862.72,18.39,18249113780.0,135912,142018,5,2/3,1.0,U
20200108,601208.SH,材料行业,东材科技,5.63,9.96,53410772.0,,3527763630.0,3527763675.04,1.52,28402787000.0,93105,93105,0,1/1,1.0,U
20200108,601606.SH,专用设备,长城军工,12.74,10.02,497349200.0,,3793039954.34,9226669816.0,13.19,44635137820.0,93820,110326,2,1/1,1.0,U
20200108,601689.SH,汽车行业,拓普集团,21.74,6.57,950876000.0,,22792898440.34,22935433554.56,4.15,,134100,,1,0/0,,Z
20200108,601890.SH,船舶制造,亚星锚链,6.48,10.02,500957728.0,,6216912000.0,6216912000.0,8.4,18121644000.0,145603,145603,0,1/1,1.0,U
20200108,603009.SH,汽车行业,北特科技,7.55,10.06,337135360.0,,2476712517.15,2710466308.0,13.85,5022260000.0,94132,142254,14,2/3,1.0,U
20200108,603035.SH,汽车行业,常熟汽饰,15.98,7.39,278901840.0,,4474400000.0,4474400000.0,6.24,,130003,,1,0/0,,Z
20200108,603050.SH,输配电气,科林电气,14.3,10.0,360544480.0,,1161175730.0,2319810350.0,31.7,32802770000.0,93715,104303,2,2/2,2.0,U
20200108,603232.SH,软件服务,格尔软件,40.48,10.0,309491088.0,,2941333472.0,4908928640.0,10.82,10619239840.0,130927,134400,1,2/2,2.0,U
20200108,603305.SH,汽车行业,旭升股份,45.1,10.0,811225440.0,,2853292946.9,18067168961.6,28.91,5455747000.0,95745,142435,4,2/3,1.0,U
20200108,603366.SH,家电行业,日出东方,8.69,10.0,872291584.0,,6952000000.0,6952000000.0,13.2,26798222000.0,112029,142251,2,5/7,1.0,U
20200108,603396.SH,专用设备,金辰股份,27.36,4.39,414735216.0,,1209225597.12,2894122578.24,32.8,,92503,,21,1/2,,Z
20200108,603536.SH,食品饮料,惠发食品,16.25,-10.02,11422125.0,11422125000.0,979128588.75,2730000000.0,1.17,393923660000.0,,92504,0,,4.0,D
20200108,603619.SH,石油行业,中曼石油,19.01,10.01,697668896.0,,2724543882.14,7604001824.96,26.09,6681919950.0,135951,142248,5,3/4,1.0,U
20200108,603936.SH,电子元件,博敏电子,20.22,7.55,634810064.0,,5426576651.58,6370074183.36,12.04,,144120,,1,0/0,,Z
